seed,split,split_type,holdout,model,calibrated,n,prevalence,brier,ece,auroc,auprc,worst_group_auprc
13,lab_heldout_haib,lab,"Richard Myers, HAIB",tiny_cnn,False,1952.0,0.5122950819672131,0.22566110831668967,0.13076055763464908,0.7383434873949579,0.6985849117961794,0.697635189693801
13,lab_heldout_haib,lab,"Richard Myers, HAIB",tiny_cnn,True,1952.0,0.5122950819672131,0.21548065488930412,0.0915091361085997,0.7383434873949579,0.6985849117961794,0.697635189693801
13,lab_heldout_haib,lab,"Richard Myers, HAIB",axis_guard_full,False,1952.0,0.5122950819672131,0.22393693320347252,0.11611731216377294,0.7339926470588235,0.7126578306900506,0.7081707061064763
13,lab_heldout_haib,lab,"Richard Myers, HAIB",axis_guard_full,True,1952.0,0.5122950819672131,0.20954084313460833,0.03793302705093054,0.7339926470588235,0.7126578306900506,0.7081707061064763
